-- phpMyAdmin SQL Dump
-- version 5.0.4
-- https://www.phpmyadmin.net/
--
-- Máy chủ: 127.0.0.1
-- Thời gian đã tạo: Th4 16, 2021 lúc 12:05 PM
-- Phiên bản máy phục vụ: 10.4.17-MariaDB
-- Phiên bản PHP: 8.0.2

SET SQL_MODE = "NO_AUTO_VALUE_ON_ZERO";
START TRANSACTION;
SET time_zone = "+00:00";


/*!40101 SET @OLD_CHARACTER_SET_CLIENT=@@CHARACTER_SET_CLIENT */;
/*!40101 SET @OLD_CHARACTER_SET_RESULTS=@@CHARACTER_SET_RESULTS */;
/*!40101 SET @OLD_COLLATION_CONNECTION=@@COLLATION_CONNECTION */;
/*!40101 SET NAMES utf8mb4 */;

--
-- Cơ sở dữ liệu: `shoes`
--

-- --------------------------------------------------------

--
-- Cấu trúc bảng cho bảng `bill`
--

CREATE TABLE `bill` (
  `id` bigint(20) NOT NULL,
  `customer_id` bigint(20) NOT NULL,
  `total` float NOT NULL,
  `payment` varchar(10) NOT NULL,
  `dateorder` date NOT NULL,
  `note` text NOT NULL,
  `status` int(1) NOT NULL,
  `created_at` timestamp NULL DEFAULT NULL,
  `updated_at` timestamp NULL DEFAULT NULL
) ENGINE=InnoDB DEFAULT CHARSET=utf8mb4;

--
-- Đang đổ dữ liệu cho bảng `bill`
--

INSERT INTO `bill` (`id`, `customer_id`, `total`, `payment`, `dateorder`, `note`, `status`, `created_at`, `updated_at`) VALUES
(27, 45, 480000, 'Tiền mặt', '2021-04-16', 'Vui lòng gửi đúng mẫu mã size giày', 1, '2021-04-16 03:04:55', '2021-04-16 03:04:55');

-- --------------------------------------------------------

--
-- Cấu trúc bảng cho bảng `bills_detail`
--

CREATE TABLE `bills_detail` (
  `id` bigint(20) NOT NULL,
  `id_bill` bigint(20) NOT NULL,
  `id_product_size_color` bigint(20) NOT NULL,
  `amount` int(10) NOT NULL,
  `price` float NOT NULL,
  `created_at` timestamp NULL DEFAULT NULL,
  `updated_at` timestamp NULL DEFAULT NULL
) ENGINE=InnoDB DEFAULT CHARSET=utf8mb4;

--
-- Đang đổ dữ liệu cho bảng `bills_detail`
--

INSERT INTO `bills_detail` (`id`, `id_bill`, `id_product_size_color`, `amount`, `price`, `created_at`, `updated_at`) VALUES
(5, 27, 26, 3, 100000, '2021-04-16 03:04:55', '2021-04-16 03:04:55'),
(6, 27, 23, 6, 30000, '2021-04-16 03:04:55', '2021-04-16 03:04:55');

-- --------------------------------------------------------

--
-- Cấu trúc bảng cho bảng `category`
--

CREATE TABLE `category` (
  `id` bigint(20) NOT NULL,
  `name` varchar(255) NOT NULL,
  `status` int(1) NOT NULL,
  `created_at` timestamp NULL DEFAULT NULL,
  `updated_at` timestamp NULL DEFAULT NULL
) ENGINE=InnoDB DEFAULT CHARSET=utf8mb4;

--
-- Đang đổ dữ liệu cho bảng `category`
--

INSERT INTO `category` (`id`, `name`, `status`, `created_at`, `updated_at`) VALUES
(1, 'Nam', 1, '2021-03-31 02:13:23', '2021-03-31 02:13:23'),
(2, 'Nữ', 1, '2021-03-31 02:13:23', '2021-03-31 02:13:23'),
(9, 'abc', 1, '2021-04-11 20:34:20', '2021-04-11 20:34:20'),
(10, 'abcádfsadgf', 1, '2021-04-11 20:34:44', '2021-04-11 20:34:44'),
(11, 'doanhhh', 1, '2021-04-11 21:44:59', '2021-04-11 21:44:59'),
(12, 'dggggg', 1, '2021-04-11 22:46:52', '2021-04-11 22:46:52'),
(13, 'd', 1, '2021-04-11 22:59:26', '2021-04-11 22:59:26'),
(14, '0.2', 1, '2021-04-11 23:00:28', '2021-04-11 23:00:28'),
(15, 'ttt', 1, '2021-04-11 23:09:18', '2021-04-11 23:09:18'),
(16, 'Dép Nike', 1, '2021-04-11 23:45:56', '2021-04-11 23:45:56'),
(17, 'tddtt', 1, '2021-04-11 23:51:35', '2021-04-11 23:51:35'),
(18, 'Trung niên', 1, '2021-04-14 19:00:25', '2021-04-14 19:00:25'),
(19, 'Trungfd niên', 1, '2021-04-14 19:22:10', '2021-04-14 19:22:10');

-- --------------------------------------------------------

--
-- Cấu trúc bảng cho bảng `color`
--

CREATE TABLE `color` (
  `id` bigint(20) NOT NULL,
  `color` varchar(256) NOT NULL,
  `created_at` timestamp NULL DEFAULT NULL,
  `updated_at` timestamp NULL DEFAULT NULL
) ENGINE=InnoDB DEFAULT CHARSET=utf8mb4;

--
-- Đang đổ dữ liệu cho bảng `color`
--

INSERT INTO `color` (`id`, `color`, `created_at`, `updated_at`) VALUES
(139, 'Đen', '2021-04-05 23:40:34', '2021-04-05 23:40:34'),
(140, 'Xám', '2021-04-05 23:40:34', '2021-04-05 23:40:34'),
(141, 'Xanh', '2021-04-07 15:26:07', '2021-04-07 15:26:11');

-- --------------------------------------------------------

--
-- Cấu trúc bảng cho bảng `customer`
--

CREATE TABLE `customer` (
  `id` bigint(20) NOT NULL,
  `email` varchar(255) NOT NULL,
  `name` varchar(255) NOT NULL,
  `phone` varchar(10) NOT NULL,
  `address` varchar(256) NOT NULL,
  `created_at` timestamp NULL DEFAULT NULL,
  `updated_at` timestamp NULL DEFAULT NULL
) ENGINE=InnoDB DEFAULT CHARSET=utf8mb4;

--
-- Đang đổ dữ liệu cho bảng `customer`
--

INSERT INTO `customer` (`id`, `email`, `name`, `phone`, `address`, `created_at`, `updated_at`) VALUES
(45, 'doan@gmail.com', 'Võ Phạm Tấn Đoan', '0337338920', 'Phú Yên', '2021-04-16 03:04:55', '2021-04-16 03:04:55');

-- --------------------------------------------------------

--
-- Cấu trúc bảng cho bảng `migrations`
--

CREATE TABLE `migrations` (
  `id` int(10) UNSIGNED NOT NULL,
  `migration` varchar(255) COLLATE utf8mb4_unicode_ci NOT NULL,
  `batch` int(11) NOT NULL
) ENGINE=InnoDB DEFAULT CHARSET=utf8mb4 COLLATE=utf8mb4_unicode_ci;

--
-- Đang đổ dữ liệu cho bảng `migrations`
--

INSERT INTO `migrations` (`id`, `migration`, `batch`) VALUES
(1, '2019_12_14_000001_create_personal_access_tokens_table', 1),
(2, '2019_06_05_095305_create_documents_table', 2),
(3, '2019_06_12_102546_create_roles_table', 2),
(4, '2019_06_13_074429_create_users_table', 2),
(5, '2021_03_31_012908_create_categories_table', 2),
(6, '2021_03_31_013423_create_suppliers_table', 2),
(7, '2021_04_01_011805_create_product_colors_table', 2),
(8, '2021_04_01_011826_create_product_sizes_table', 2),
(9, '2021_04_01_011846_create_product_images_table', 2),
(10, '2021_04_01_011922_create_products_table', 2),
(11, '2021_04_06_023813_create_sizes_table', 2),
(12, '2021_04_14_073127_create_sessions_table', 3);

-- --------------------------------------------------------

--
-- Cấu trúc bảng cho bảng `password_resets`
--

CREATE TABLE `password_resets` (
  `email` varchar(255) COLLATE utf8mb4_unicode_ci NOT NULL,
  `token` varchar(255) COLLATE utf8mb4_unicode_ci NOT NULL,
  `created_at` timestamp NULL DEFAULT NULL
) ENGINE=InnoDB DEFAULT CHARSET=utf8mb4 COLLATE=utf8mb4_unicode_ci;

-- --------------------------------------------------------

--
-- Cấu trúc bảng cho bảng `personal_access_tokens`
--

CREATE TABLE `personal_access_tokens` (
  `id` bigint(20) UNSIGNED NOT NULL,
  `tokenable_type` varchar(255) COLLATE utf8mb4_unicode_ci NOT NULL,
  `tokenable_id` bigint(20) UNSIGNED NOT NULL,
  `name` varchar(255) COLLATE utf8mb4_unicode_ci NOT NULL,
  `token` varchar(64) COLLATE utf8mb4_unicode_ci NOT NULL,
  `abilities` text COLLATE utf8mb4_unicode_ci DEFAULT NULL,
  `last_used_at` timestamp NULL DEFAULT NULL,
  `created_at` timestamp NULL DEFAULT NULL,
  `updated_at` timestamp NULL DEFAULT NULL
) ENGINE=InnoDB DEFAULT CHARSET=utf8mb4 COLLATE=utf8mb4_unicode_ci;

-- --------------------------------------------------------

--
-- Cấu trúc bảng cho bảng `product`
--

CREATE TABLE `product` (
  `id` bigint(20) NOT NULL,
  `name` varchar(255) NOT NULL,
  `amount` int(100) DEFAULT NULL,
  `img` varchar(256) NOT NULL,
  `note` text NOT NULL,
  `import_price` double NOT NULL,
  `export_price` double DEFAULT NULL,
  `sale` int(100) DEFAULT NULL,
  `status` int(1) NOT NULL,
  `supplier_id` bigint(20) NOT NULL,
  `category_id` bigint(20) NOT NULL,
  `created_at` timestamp NULL DEFAULT NULL,
  `updated_at` timestamp NULL DEFAULT NULL
) ENGINE=InnoDB DEFAULT CHARSET=utf8mb4;

--
-- Đang đổ dữ liệu cho bảng `product`
--

INSERT INTO `product` (`id`, `name`, `amount`, `img`, `note`, `import_price`, `export_price`, `sale`, `status`, `supplier_id`, `category_id`, `created_at`, `updated_at`) VALUES
(227, 'Giày thể thao nữ', 500, '657728473.png', 'Giày nhập khẩu', 100000, 30000, 30, 1, 1, 1, '2021-04-11 19:07:57', '2021-04-11 19:07:57'),
(228, 'Giày thể thao nam', 500, '118294873.png', 'Giày nhập khẩu', 100000, 30000, 30, 1, 1, 1, '2021-04-11 19:08:25', '2021-04-11 19:08:25'),
(229, 'Dép Nike', 100, '1245428979.png', 'Dép có vai', 100000, 0, 0, 1, 1, 1, '2021-04-11 23:15:52', '2021-04-11 23:15:52');

-- --------------------------------------------------------

--
-- Cấu trúc bảng cho bảng `product_size_color`
--

CREATE TABLE `product_size_color` (
  `id` bigint(20) NOT NULL,
  `product_id` bigint(20) NOT NULL,
  `size_id` bigint(20) NOT NULL,
  `color_id` bigint(20) NOT NULL,
  `amount` int(100) NOT NULL,
  `created_at` timestamp NULL DEFAULT NULL,
  `updated_at` timestamp NULL DEFAULT NULL
) ENGINE=InnoDB DEFAULT CHARSET=utf8mb4;

--
-- Đang đổ dữ liệu cho bảng `product_size_color`
--

INSERT INTO `product_size_color` (`id`, `product_id`, `size_id`, `color_id`, `amount`, `created_at`, `updated_at`) VALUES
(21, 227, 125, 140, 250, '2021-04-11 19:07:57', '2021-04-11 19:07:57'),
(22, 227, 126, 139, 250, '2021-04-11 19:07:57', '2021-04-11 19:07:57'),
(23, 228, 125, 140, 250, '2021-04-11 19:08:25', '2021-04-11 19:08:25'),
(25, 229, 126, 139, 50, '2021-04-11 23:15:52', '2021-04-11 23:15:52'),
(26, 229, 125, 141, 50, '2021-04-11 23:15:52', '2021-04-11 23:15:52');

-- --------------------------------------------------------

--
-- Cấu trúc bảng cho bảng `sessions`
--

CREATE TABLE `sessions` (
  `id` varchar(255) COLLATE utf8mb4_unicode_ci NOT NULL,
  `user_id` bigint(20) UNSIGNED DEFAULT NULL,
  `ip_address` varchar(45) COLLATE utf8mb4_unicode_ci DEFAULT NULL,
  `user_agent` text COLLATE utf8mb4_unicode_ci DEFAULT NULL,
  `payload` text COLLATE utf8mb4_unicode_ci NOT NULL,
  `last_activity` int(11) NOT NULL
) ENGINE=InnoDB DEFAULT CHARSET=utf8mb4 COLLATE=utf8mb4_unicode_ci;

-- --------------------------------------------------------

--
-- Cấu trúc bảng cho bảng `session_users`
--

CREATE TABLE `session_users` (
  `id` bigint(20) UNSIGNED NOT NULL,
  `token` varchar(255) COLLATE utf8mb4_unicode_ci NOT NULL,
  `refresh_token` varchar(255) COLLATE utf8mb4_unicode_ci NOT NULL,
  `token_expried` datetime NOT NULL,
  `refresh_token_expried` datetime NOT NULL,
  `user_id` bigint(20) NOT NULL,
  `created_at` timestamp NULL DEFAULT NULL,
  `updated_at` timestamp NULL DEFAULT NULL
) ENGINE=InnoDB DEFAULT CHARSET=utf8mb4 COLLATE=utf8mb4_unicode_ci;

--
-- Đang đổ dữ liệu cho bảng `session_users`
--

INSERT INTO `session_users` (`id`, `token`, `refresh_token`, `token_expried`, `refresh_token_expried`, `user_id`, `created_at`, `updated_at`) VALUES
(1, '1hSrr4qoKNsFzXmMVfxUZMsXhg1FW90IFSZ8UXY2', 'ZCdW8KhcDun2gum2C9r9xPCFhA0jJdONg2Fk732M', '2021-05-06 10:06:47', '2022-04-01 10:06:47', 5, '2021-04-06 03:06:47', '2021-04-06 03:06:47');

-- --------------------------------------------------------

--
-- Cấu trúc bảng cho bảng `size`
--

CREATE TABLE `size` (
  `id` bigint(20) NOT NULL,
  `size` int(11) NOT NULL,
  `created_at` timestamp NULL DEFAULT NULL,
  `updated_at` timestamp NULL DEFAULT NULL
) ENGINE=InnoDB DEFAULT CHARSET=utf8mb4;

--
-- Đang đổ dữ liệu cho bảng `size`
--

INSERT INTO `size` (`id`, `size`, `created_at`, `updated_at`) VALUES
(125, 39, NULL, NULL),
(126, 40, NULL, NULL);

-- --------------------------------------------------------

--
-- Cấu trúc bảng cho bảng `supplier`
--

CREATE TABLE `supplier` (
  `id` bigint(20) NOT NULL,
  `category_id` bigint(20) NOT NULL,
  `name` varchar(256) NOT NULL,
  `address` varchar(256) NOT NULL,
  `phone` int(12) NOT NULL,
  `status` int(1) NOT NULL,
  `created_at` timestamp NULL DEFAULT NULL,
  `updated_at` timestamp NULL DEFAULT NULL
) ENGINE=InnoDB DEFAULT CHARSET=utf8mb4;

--
-- Đang đổ dữ liệu cho bảng `supplier`
--

INSERT INTO `supplier` (`id`, `category_id`, `name`, `address`, `phone`, `status`, `created_at`, `updated_at`) VALUES
(1, 1, 'Nike', 'USA', 1232456, 1, '2021-03-31 04:07:32', '2021-03-31 04:07:32'),
(2, 2, 'ADIDAS', 'Việt Nam', 963852741, 1, '2021-03-31 04:07:32', '2021-03-31 04:07:32'),
(12, 1, 'Đoan', 'Phú Yên', 1232456, 1, '2021-04-06 09:45:43', '2021-04-06 09:45:43'),
(13, 1, 'Huỳnh Thị Hoài Như', 'Bình Định', 963852741, 1, '2021-04-06 09:50:14', '2021-04-06 09:52:23');

-- --------------------------------------------------------

--
-- Cấu trúc bảng cho bảng `users`
--

CREATE TABLE `users` (
  `id` bigint(20) UNSIGNED NOT NULL,
  `code` varchar(50) COLLATE utf8mb4_unicode_ci NOT NULL,
  `name` varchar(255) COLLATE utf8mb4_unicode_ci NOT NULL,
  `dateofbirth` date NOT NULL,
  `phone` int(11) NOT NULL,
  `address` varchar(256) CHARACTER SET utf8mb4 NOT NULL,
  `email` varchar(256) COLLATE utf8mb4_unicode_ci NOT NULL,
  `email_verified_at` timestamp NULL DEFAULT NULL,
  `img` varchar(256) COLLATE utf8mb4_unicode_ci NOT NULL,
  `password` varchar(255) COLLATE utf8mb4_unicode_ci NOT NULL,
  `role` int(1) NOT NULL,
  `status` int(1) NOT NULL,
  `remember_token` varchar(100) COLLATE utf8mb4_unicode_ci DEFAULT NULL,
  `created_at` timestamp NULL DEFAULT NULL,
  `updated_at` timestamp NULL DEFAULT NULL
) ENGINE=InnoDB DEFAULT CHARSET=utf8mb4 COLLATE=utf8mb4_unicode_ci;

--
-- Đang đổ dữ liệu cho bảng `users`
--

INSERT INTO `users` (`id`, `code`, `name`, `dateofbirth`, `phone`, `address`, `email`, `email_verified_at`, `img`, `password`, `role`, `status`, `remember_token`, `created_at`, `updated_at`) VALUES
(22, 'NV001', 'Trần Nhật Linh', '1999-02-03', 123456, 'Phú Yên', 'admin@gmail.com', NULL, '1158048706.jpg', '$2y$10$ThKejiPLQJDeH2OudfdtMOCFkMBlkSlCGtUa8PJQ.qXym/32LwjFe', 1, 1, NULL, '2021-04-09 01:21:48', '2021-04-09 01:21:48');

--
-- Chỉ mục cho các bảng đã đổ
--

--
-- Chỉ mục cho bảng `bill`
--
ALTER TABLE `bill`
  ADD PRIMARY KEY (`id`),
  ADD KEY `customer_id` (`customer_id`);

--
-- Chỉ mục cho bảng `bills_detail`
--
ALTER TABLE `bills_detail`
  ADD PRIMARY KEY (`id`),
  ADD KEY `id_bill` (`id_bill`),
  ADD KEY `id_product_size_color` (`id_product_size_color`);

--
-- Chỉ mục cho bảng `category`
--
ALTER TABLE `category`
  ADD PRIMARY KEY (`id`);

--
-- Chỉ mục cho bảng `color`
--
ALTER TABLE `color`
  ADD PRIMARY KEY (`id`);

--
-- Chỉ mục cho bảng `customer`
--
ALTER TABLE `customer`
  ADD PRIMARY KEY (`id`);

--
-- Chỉ mục cho bảng `migrations`
--
ALTER TABLE `migrations`
  ADD PRIMARY KEY (`id`);

--
-- Chỉ mục cho bảng `password_resets`
--
ALTER TABLE `password_resets`
  ADD KEY `password_resets_email_index` (`email`);

--
-- Chỉ mục cho bảng `personal_access_tokens`
--
ALTER TABLE `personal_access_tokens`
  ADD PRIMARY KEY (`id`),
  ADD UNIQUE KEY `personal_access_tokens_token_unique` (`token`),
  ADD KEY `personal_access_tokens_tokenable_type_tokenable_id_index` (`tokenable_type`,`tokenable_id`);

--
-- Chỉ mục cho bảng `product`
--
ALTER TABLE `product`
  ADD PRIMARY KEY (`id`),
  ADD KEY `supplier_id` (`supplier_id`),
  ADD KEY `category_id` (`category_id`);

--
-- Chỉ mục cho bảng `product_size_color`
--
ALTER TABLE `product_size_color`
  ADD PRIMARY KEY (`id`),
  ADD KEY `product_id` (`product_id`),
  ADD KEY `size_id` (`size_id`),
  ADD KEY `color_id` (`color_id`);

--
-- Chỉ mục cho bảng `sessions`
--
ALTER TABLE `sessions`
  ADD PRIMARY KEY (`id`),
  ADD KEY `sessions_user_id_index` (`user_id`),
  ADD KEY `sessions_last_activity_index` (`last_activity`);

--
-- Chỉ mục cho bảng `session_users`
--
ALTER TABLE `session_users`
  ADD PRIMARY KEY (`id`);

--
-- Chỉ mục cho bảng `size`
--
ALTER TABLE `size`
  ADD PRIMARY KEY (`id`);

--
-- Chỉ mục cho bảng `supplier`
--
ALTER TABLE `supplier`
  ADD PRIMARY KEY (`id`),
  ADD KEY `category_id` (`category_id`);

--
-- Chỉ mục cho bảng `users`
--
ALTER TABLE `users`
  ADD PRIMARY KEY (`id`);

--
-- AUTO_INCREMENT cho các bảng đã đổ
--

--
-- AUTO_INCREMENT cho bảng `bill`
--
ALTER TABLE `bill`
  MODIFY `id` bigint(20) NOT NULL AUTO_INCREMENT, AUTO_INCREMENT=28;

--
-- AUTO_INCREMENT cho bảng `bills_detail`
--
ALTER TABLE `bills_detail`
  MODIFY `id` bigint(20) NOT NULL AUTO_INCREMENT, AUTO_INCREMENT=7;

--
-- AUTO_INCREMENT cho bảng `category`
--
ALTER TABLE `category`
  MODIFY `id` bigint(20) NOT NULL AUTO_INCREMENT, AUTO_INCREMENT=20;

--
-- AUTO_INCREMENT cho bảng `color`
--
ALTER TABLE `color`
  MODIFY `id` bigint(20) NOT NULL AUTO_INCREMENT, AUTO_INCREMENT=142;

--
-- AUTO_INCREMENT cho bảng `customer`
--
ALTER TABLE `customer`
  MODIFY `id` bigint(20) NOT NULL AUTO_INCREMENT, AUTO_INCREMENT=46;

--
-- AUTO_INCREMENT cho bảng `migrations`
--
ALTER TABLE `migrations`
  MODIFY `id` int(10) UNSIGNED NOT NULL AUTO_INCREMENT, AUTO_INCREMENT=13;

--
-- AUTO_INCREMENT cho bảng `personal_access_tokens`
--
ALTER TABLE `personal_access_tokens`
  MODIFY `id` bigint(20) UNSIGNED NOT NULL AUTO_INCREMENT;

--
-- AUTO_INCREMENT cho bảng `product`
--
ALTER TABLE `product`
  MODIFY `id` bigint(20) NOT NULL AUTO_INCREMENT, AUTO_INCREMENT=230;

--
-- AUTO_INCREMENT cho bảng `product_size_color`
--
ALTER TABLE `product_size_color`
  MODIFY `id` bigint(20) NOT NULL AUTO_INCREMENT, AUTO_INCREMENT=27;

--
-- AUTO_INCREMENT cho bảng `session_users`
--
ALTER TABLE `session_users`
  MODIFY `id` bigint(20) UNSIGNED NOT NULL AUTO_INCREMENT, AUTO_INCREMENT=2;

--
-- AUTO_INCREMENT cho bảng `size`
--
ALTER TABLE `size`
  MODIFY `id` bigint(20) NOT NULL AUTO_INCREMENT, AUTO_INCREMENT=127;

--
-- AUTO_INCREMENT cho bảng `supplier`
--
ALTER TABLE `supplier`
  MODIFY `id` bigint(20) NOT NULL AUTO_INCREMENT, AUTO_INCREMENT=14;

--
-- AUTO_INCREMENT cho bảng `users`
--
ALTER TABLE `users`
  MODIFY `id` bigint(20) UNSIGNED NOT NULL AUTO_INCREMENT, AUTO_INCREMENT=23;

--
-- Các ràng buộc cho các bảng đã đổ
--

--
-- Các ràng buộc cho bảng `bill`
--
ALTER TABLE `bill`
  ADD CONSTRAINT `bill_ibfk_1` FOREIGN KEY (`customer_id`) REFERENCES `customer` (`id`);

--
-- Các ràng buộc cho bảng `bills_detail`
--
ALTER TABLE `bills_detail`
  ADD CONSTRAINT `bills_detail_ibfk_1` FOREIGN KEY (`id_bill`) REFERENCES `bill` (`id`),
  ADD CONSTRAINT `bills_detail_ibfk_3` FOREIGN KEY (`id_product_size_color`) REFERENCES `product_size_color` (`id`);

--
-- Các ràng buộc cho bảng `product`
--
ALTER TABLE `product`
  ADD CONSTRAINT `product_ibfk_1` FOREIGN KEY (`supplier_id`) REFERENCES `supplier` (`id`),
  ADD CONSTRAINT `product_ibfk_2` FOREIGN KEY (`category_id`) REFERENCES `category` (`id`);

--
-- Các ràng buộc cho bảng `product_size_color`
--
ALTER TABLE `product_size_color`
  ADD CONSTRAINT `product_size_color_ibfk_1` FOREIGN KEY (`product_id`) REFERENCES `product` (`id`),
  ADD CONSTRAINT `product_size_color_ibfk_2` FOREIGN KEY (`size_id`) REFERENCES `size` (`id`),
  ADD CONSTRAINT `product_size_color_ibfk_3` FOREIGN KEY (`color_id`) REFERENCES `color` (`id`);

--
-- Các ràng buộc cho bảng `supplier`
--
ALTER TABLE `supplier`
  ADD CONSTRAINT `supplier_ibfk_1` FOREIGN KEY (`category_id`) REFERENCES `category` (`id`);
COMMIT;

/*!40101 SET CHARACTER_SET_CLIENT=@OLD_CHARACTER_SET_CLIENT */;
/*!40101 SET CHARACTER_SET_RESULTS=@OLD_CHARACTER_SET_RESULTS */;
/*!40101 SET COLLATION_CONNECTION=@OLD_COLLATION_CONNECTION */;
